,County,Month,Year,Unemployment Monthly,Households,Persons,Applications Recevied,Online Applications Received,EBT Cash
708,Statewide,January,2020,4.3%,"2,176,109","4,075,962","187,228","86,463","500,169,011"
709,Alameda,January,2020,3.1%,"65,302","112,881","6,341","2,939","13,678,807"
710,Alpine,January,2020,4.6%,77,126,7,0,"14,377"
711,Amador,January,2020,4.7%,"1,496","2,588",171,41,"305,508"
712,Butte,January,2020,5.6%,"17,028","28,648","1,901","1,014","3,503,997"
713,Calaveras,January,2020,4.3%,"2,874","4,919",245,66,"598,445"
714,Colusa,January,2020,19.2%,738,"1,516",82,25,"177,448"
715,Contra Costa,January,2020,3.2%,"33,892","64,360","2,857","1,314","7,635,303"
716,Del Norte,January,2020,6.5%,"2,997","5,380",228,46,"612,047"
717,El Dorado,January,2020,3.7%,"6,766","11,042",707,222,"1,378,191"
718,Fresno,January,2020,8.1%,"93,574","214,086","6,755","3,441","24,719,087"
719,Glenn,January,2020,7.3%,"1,638","3,316",172,35,"384,307"
720,Humboldt,January,2020,4.1%,"13,855","21,620","1,449",463,"2,710,912"
721,Imperial,January,2020,18.8%,"18,027","39,338","1,144",216,"4,437,646"
722,Inyo,January,2020,3.9%,999,"1,822",92,12,"223,433"
723,Kern,January,2020,8.6%,"71,862","154,628","6,994","2,243","18,857,594"
724,Kings,January,2020,9.4%,"11,480","24,160","1,013",250,"2,855,968"
725,Lake,January,2020,6.0%,"7,408","12,246",570,157,"1,460,791"
726,Lassen,January,2020,5.6%,"1,673","3,049",130,24,"380,343"
727,Los Angeles,January,2020,4.5%,"674,575","1,180,662","53,124","30,528","149,967,613"
728,Madera,January,2020,8.1%,"11,550","26,269",791,178,"3,179,812"
729,Marin,January,2020,2.4%,"6,536","9,944",610,228,"1,287,537"
730,Mariposa,January,2020,6.2%,"1,207","2,086",75,12,"246,785"
731,Mendocino,January,2020,4.8%,"6,638","11,397",624,145,"1,429,000"
732,Merced,January,2020,9.8%,"24,601","52,167","2,094",592,"6,311,790"
733,Modoc,January,2020,9.7%,754,"1,430",67,11,"164,037"
734,Mono,January,2020,3.5%,340,560,25,6,"73,794"
735,Monterey,January,2020,9.7%,"18,863","39,532","2,242",694,"5,187,601"
736,Napa,January,2020,3.5%,"3,127","5,568",400,120,"654,030"
737,Nevada,January,2020,3.7%,"4,741","7,593",508,195,"966,560"
738,Orange,January,2020,2.9%,"109,775","205,555","9,814","3,994","24,646,948"
739,Placer,January,2020,3.3%,"8,642","14,325",829,454,"1,701,829"
740,Plumas,January,2020,10.5%,"1,296","2,210",112,46,"271,513"
741,Riverside,January,2020,4.2%,"120,637","240,982","13,035","5,992","30,089,121"
742,Sacramento,January,2020,3.9%,"109,778","219,383","9,795","4,273","26,350,892"
743,San Benito,January,2020,6.2%,"2,215","4,435",234,51,"548,068"
744,San Bernardino,January,2020,3.9%,"158,541","324,719","13,665","5,551","40,281,453"
745,San Diego,January,2020,3.3%,"145,435","266,755","13,646","6,872","31,790,016"
746,San Francisco,January,2020,2.3%,"47,127","65,824","3,529","1,661","7,295,166"
747,San Joaquin,January,2020,6.7%,"46,634","95,254","3,869","1,740","11,316,237"
748,San Luis Obispo,January,2020,3.1%,"9,774","16,076",890,330,"1,963,240"
749,San Mateo,January,2020,2.1%,"12,173","20,834","1,339",543,"2,550,310"
750,Santa Barbara,January,2020,4.7%,"22,381","40,745","2,667","1,530","5,240,179"
751,Santa Clara,January,2020,2.6%,"49,649","83,219","3,586","1,453","10,022,139"
752,Santa Cruz,January,2020,6.2%,"15,112","24,221","1,281",548,"3,221,301"
753,Shasta,January,2020,5.4%,"13,956","23,888","1,429",462,"2,685,566"
754,Sierra,January,2020,6.2%,162,257,17,6,"29,024"
755,Siskiyou,January,2020,8.3%,"3,805","7,027",338,165,"807,406"
756,Solano,January,2020,4.0%,"21,574","37,841","1,806",673,"4,734,861"
757,Sonoma,January,2020,2.9%,"16,482","26,810","1,570",811,"3,199,447"
758,Stanislaus,January,2020,6.6%,"37,913","73,655","3,223","1,034","8,793,332"
759,Sutter,January,2020,8.7%,"5,453","11,447",556,233,"1,363,330"
760,Tehama,January,2020,6.3%,"5,069","9,817",454,137,"1,095,139"
761,Trinity,January,2020,6.9%,"1,048","1,700",91,23,"216,428"
762,Tulare,January,2020,11.0%,"50,319","113,943","2,532","1,219","13,943,277"
763,Tuolumne,January,2020,4.9%,"3,080","4,809",317,76,"562,666"
764,Ventura,January,2020,3.9%,"34,321","63,526","3,088",801,"7,843,973"
765,Yolo,January,2020,4.9%,"12,127","19,810","1,534",409,"2,581,665"
766,Yuba,January,2020,7.0%,"7,013","13,962",564,159,"1,621,720"
767,Statewide,February,2020,4.3%,"2,175,527","4,063,062","148,170","70,598","500,046,672"
768,Alameda,February,2020,3.0%,"65,156","112,458","5,234","2,499","13,629,862"
769,Alpine,February,2020,5.0%,69,116,4,0,"13,049"
770,Amador,February,2020,4.4%,"1,494","2,586",131,37,"308,150"
771,Butte,February,2020,5.4%,"16,964","28,535","1,420",759,"3,455,705"
772,Calaveras,February,2020,4.2%,"2,886","4,962",190,45,"602,879"
773,Colusa,February,2020,19.8%,741,"1,519",79,36,"177,301"
774,Contra Costa,February,2020,3.1%,"33,937","63,827","2,459","1,165","7,646,707"
775,Del Norte,February,2020,6.2%,"3,023","5,415",149,25,"610,655"
776,El Dorado,February,2020,3.7%,"6,728","10,991",553,138,"1,373,268"
777,Fresno,February,2020,8.5%,"93,328","212,820","5,083","2,602","24,667,118"
778,Glenn,February,2020,7.1%,"1,625","3,285",115,32,"379,347"
779,Humboldt,February,2020,3.9%,"13,698","21,361","1,028",319,"2,696,997"
780,Imperial,February,2020,17.0%,"17,862","38,783",895,190,"4,397,855"
781,Inyo,February,2020,3.9%,"1,016","1,838",76,10,"227,930"
782,Kern,February,2020,9.1%,"71,884","155,080","5,967","2,354","18,980,589"
783,Kings,February,2020,9.8%,"11,451","24,123",709,189,"2,865,536"
784,Lake,February,2020,5.8%,"7,415","12,261",431,123,"1,470,483"
785,Lassen,February,2020,5.8%,"1,675","3,077",116,17,"378,982"
786,Los Angeles,February,2020,4.6%,"674,595","1,176,924","42,835","25,314","150,006,711"
787,Madera,February,2020,8.0%,"11,608","26,380",607,143,"3,192,735"
788,Marin,February,2020,2.3%,"6,543","9,938",461,150,"1,292,954"
789,Mariposa,February,2020,6.3%,"1,225","2,129",76,15,"252,607"
790,Mendocino,February,2020,4.7%,"6,624","11,322",494,115,"1,433,941"
791,Merced,February,2020,10.4%,"24,596","52,120","1,490",409,"6,323,689"
792,Modoc,February,2020,9.8%,750,"1,420",44,12,"159,753"
793,Mono,February,2020,3.8%,332,552,34,9,"73,238"
794,Monterey,February,2020,10.0%,"19,029","39,746","1,498",566,"5,061,527"
795,Napa,February,2020,3.2%,"3,194","5,633",282,92,"656,249"
796,Nevada,February,2020,3.6%,"4,740","7,561",361,114,"962,611"
797,Orange,February,2020,2.8%,"109,687","204,605","7,563","3,206","24,581,759"
798,Placer,February,2020,3.2%,"8,558","14,325",638,369,"1,696,461"
799,Plumas,February,2020,11.0%,"1,285","2,195",76,25,"267,927"
800,Riverside,February,2020,4.1%,"119,359","237,652","10,147","4,717","29,819,357"
801,Sacramento,February,2020,3.7%,"109,702","219,449","7,284","3,122","26,346,960"
802,San Benito,February,2020,6.2%,"2,233","4,429",154,43,"551,518"
803,San Bernardino,February,2020,3.8%,"157,663","322,881","10,446","4,119","40,209,248"
804,San Diego,February,2020,3.2%,"145,979","266,499","11,491","6,191","32,073,160"
805,San Francisco,February,2020,2.3%,"47,362","66,002","3,046","1,526","7,337,138"
806,San Joaquin,February,2020,6.6%,"46,722","95,116","3,240","1,487","11,309,492"
807,San Luis Obispo,February,2020,3.0%,"9,804","16,012",662,237,"1,972,430"
808,San Mateo,February,2020,2.1%,"12,151","20,603","1,132",439,"2,533,230"
809,Santa Barbara,February,2020,4.6%,"22,812","41,392","1,801","1,000","5,342,595"
810,Santa Clara,February,2020,2.6%,"49,781","83,033","2,992","1,208","10,010,889"
811,Santa Cruz,February,2020,6.4%,"15,163","24,287",920,426,"3,217,914"
812,Shasta,February,2020,5.4%,"13,956","23,775","1,061",351,"2,676,860"
813,Sierra,February,2020,6.9%,161,239,12,3,"27,392"
814,Siskiyou,February,2020,8.5%,"3,838","7,114",304,136,"825,877"
815,Solano,February,2020,3.9%,"21,470","37,649","1,383",555,"4,713,507"
816,Sonoma,February,2020,2.8%,"16,424","26,680","1,249",616,"3,190,425"
817,Stanislaus,February,2020,6.6%,"37,830","73,410","2,684",880,"8,778,720"
818,Sutter,February,2020,8.9%,"5,495","11,489",379,114,"1,378,975"
819,Tehama,February,2020,6.2%,"5,083","9,782",405,91,"1,073,864"
820,Trinity,February,2020,7.3%,"1,084","1,748",88,27,"229,005"
821,Tulare,February,2020,11.5%,"50,495","114,239","2,179","1,188","13,964,046"
822,Tuolumne,February,2020,5.0%,"3,088","4,849",254,64,"568,079"
823,Ventura,February,2020,3.7%,"34,942","63,189","2,524",728,"7,827,565"
824,Yolo,February,2020,4.8%,"12,155","19,711",807,120,"2,589,897"
825,Yuba,February,2020,6.9%,"7,057","13,946",428,131,"1,633,957"
826,Statewide,March,2020,5.6%,"2,191,350","4,077,117","216,817","151,780","503,768,895"
827,Alameda,March,2020,3.8%,"66,424","114,173","8,152","5,471","13,937,791"
828,Alpine,March,2020,7.1%,72,120,15,5,"13,602"
829,Amador,March,2020,5.4%,"1,482","2,531",164,93,"303,908"
830,Butte,March,2020,6.7%,"17,053","28,521","1,841","1,211","3,491,778"
831,Calaveras,March,2020,5.4%,"2,907","5,031",267,130,"613,336"
832,Colusa,March,2020,22.4%,771,"1,600",63,22,"184,751"
833,Contra Costa,March,2020,4.0%,"34,081","63,989","3,528","2,599","7,708,109"
834,Del Norte,March,2020,7.6%,"3,056","5,536",210,70,"622,483"
835,El Dorado,March,2020,4.7%,"6,865","11,186",967,515,"1,412,248"
836,Fresno,March,2020,10.8%,"93,457","212,957","5,864","3,974","24,749,259"
837,Glenn,March,2020,8.7%,"1,679","3,386",125,49,"394,129"
838,Humboldt,March,2020,4.9%,"13,822","21,519","1,438",667,"2,758,237"
839,Imperial,March,2020,20.5%,"17,769","38,474","1,060",413,"4,378,475"
840,Inyo,March,2020,4.8%,"1,039","1,866",128,28,"233,525"
841,Kern,March,2020,12.0%,"72,082","155,326","6,913","3,995","18,977,921"
842,Kings,March,2020,12.3%,"11,536","24,204",898,350,"2,879,345"
843,Lake,March,2020,7.0%,"7,456","12,273",568,261,"1,469,890"
844,Lassen,March,2020,7.2%,"1,683","3,054",127,30,"375,096"
845,Los Angeles,March,2020,6.4%,"680,466","1,181,670","68,925","58,358","150,966,927"
846,Madera,March,2020,10.5%,"11,680","26,493",924,333,"3,206,140"
847,Marin,March,2020,3.0%,"6,754","10,193",843,480,"1,348,642"
848,Mariposa,March,2020,7.6%,"1,259","2,178",163,78,"264,436"
849,Mendocino,March,2020,5.9%,"6,692","11,420",647,359,"1,454,375"
850,Merced,March,2020,12.9%,"24,740","52,282","1,780",752,"6,345,026"
851,Modoc,March,2020,11.5%,761,"1,425",49,22,"163,195"
852,Mono,March,2020,4.9%,353,578,134,100,"78,085"
853,Monterey,March,2020,11.8%,"19,278","40,292","2,346","1,120","5,116,508"
854,Napa,March,2020,4.0%,"3,294","5,761",504,285,"681,498"
855,Nevada,March,2020,4.6%,"4,876","7,735",563,372,"999,495"
856,Orange,March,2020,3.6%,"110,866","205,680","13,314","8,868","24,761,627"
857,Placer,March,2020,4.0%,"8,691","14,387","1,146",928,"1,734,062"
858,Plumas,March,2020,13.2%,"1,289","2,198",102,46,"271,594"
859,Riverside,March,2020,5.3%,"121,285","240,626","15,909","11,139","30,568,510"
860,Sacramento,March,2020,4.7%,"109,933","218,473","9,041","5,340","26,381,979"
861,San Benito,March,2020,7.9%,"2,270","4,490",247,126,"566,964"
862,San Bernardino,March,2020,4.9%,"156,910","320,415","14,501","9,751","40,075,694"
863,San Diego,March,2020,4.1%,"147,924","268,633","16,135","11,512","32,581,560"
864,San Francisco,March,2020,3.0%,"47,789","66,545","5,132","3,952","7,395,700"
865,San Joaquin,March,2020,8.3%,"46,934","95,262","3,903","2,253","11,350,527"
866,San Luis Obispo,March,2020,3.8%,"9,968","16,154","1,086",709,"2,004,218"
867,San Mateo,March,2020,2.8%,"12,283","20,809","1,614","1,080","2,563,764"
868,Santa Barbara,March,2020,5.6%,"23,253","41,904","2,511","1,696","5,414,719"
869,Santa Clara,March,2020,3.3%,"49,923","82,967","3,414","2,228","10,037,562"
870,Santa Cruz,March,2020,7.9%,"15,506","24,868","1,555",811,"3,318,922"
871,Shasta,March,2020,6.8%,"13,979","23,675","1,468",696,"2,690,743"
872,Sierra,March,2020,8.5%,170,260,18,2,"31,201"
873,Siskiyou,March,2020,10.0%,"3,880","7,173",330,200,"833,176"
874,Solano,March,2020,5.0%,"21,596","37,652","1,996","1,150","4,757,662"
875,Sonoma,March,2020,3.6%,"16,660","26,741","1,373",948,"3,232,099"
876,Stanislaus,March,2020,8.3%,"37,904","73,491","3,434","1,760","8,823,691"
877,Sutter,March,2020,11.1%,"5,529","11,534",455,229,"1,380,210"
878,Tehama,March,2020,7.6%,"5,114","9,805",411,172,"1,098,375"
879,Trinity,March,2020,9.2%,"1,094","1,795",83,40,"239,286"
880,Tulare,March,2020,14.5%,"50,677","114,289","2,368","1,060","13,908,921"
881,Tuolumne,March,2020,6.2%,"3,113","4,929",273,139,"582,174"
882,Ventura,March,2020,4.6%,"34,169","62,936","3,691","1,796","7,827,128"
883,Yolo,March,2020,5.9%,"12,174","19,707","1,582",724,"2,566,976"
884,Yuba,March,2020,8.5%,"7,080","13,946",519,283,"1,641,641"
885,Statewide,April,2020,16.1%,"2,419,045","4,487,411","346,592","309,058","553,765,690"
886,Alameda,April,2020,14.1%,"76,979","126,157","13,951","11,895","15,822,035"
887,Alpine,April,2020,22.1%,86,138,16,6,"15,172"
888,Amador,April,2020,14.3%,"1,611","2,781",211,162,"333,662"
889,Butte,April,2020,14.9%,"18,812","31,203","2,264","1,877","3,812,696"
890,Calaveras,April,2020,13.3%,"3,105","5,432",315,220,"665,686"
891,Colusa,April,2020,26.3%,873,"1,831",123,72,"207,160"
892,Contra Costa,April,2020,14.5%,"37,747","68,202","6,337","5,738","8,615,670"
893,Del Norte,April,2020,13.1%,"3,245","5,772",250,196,"663,517"
894,El Dorado,April,2020,15.4%,"7,872","12,732","1,255",882,"1,629,103"
895,Fresno,April,2020,16.7%,"102,436","282,270","9,798","8,770","26,504,518"
896,Glenn,April,2020,16.2%,"1,756","3,537",170,117,"398,892"
897,Humboldt,April,2020,13.7%,"15,294","23,845","1,871","1,228","3,030,770"
898,Imperial,April,2020,28.0%,"18,779","40,673","1,569","1,052","4,693,133"
899,Inyo,April,2020,13.7%,"1,151","2,082",145,50,"261,006"
900,Kern,April,2020,18.6%,"76,690","164,496","8,394","6,709","20,088,844"
901,Kings,April,2020,16.8%,"12,173","25,519","1,005",680,"3,019,689"
902,Lake,April,2020,15.2%,"8,000","13,335",,,"1,575,108"
903,Lassen,April,2020,11.6%,"1,829","3,277",163,99,"410,009"
904,Los Angeles,April,2020,20.3%,"752,273","1,294,689","125,900","123,885","166,459,126"
905,Madera,April,2020,16.6%,"12,622","28,557","1,272",697,"3,462,446"
906,Marin,April,2020,11.1%,"7,957","12,204","1,645","1,238","1,607,372"
907,Mariposa,April,2020,17.8%,"1,509","2,554",283,195,"318,770"
908,Mendocino,April,2020,14.8%,"7,431","12,720",836,697,"1,619,524"
909,Merced,April,2020,18.8%,"26,067","55,003","2,339","1,507","6,635,849"
910,Modoc,April,2020,14.3%,796,"1,484",40,18,"169,769"
911,Mono,April,2020,22.1%,558,900,202,162,"121,473"
912,Monterey,April,2020,20.2%,"21,177","43,953","3,073","2,107","5,537,393"
913,Napa,April,2020,15.9%,"3,926","6,985",982,664,"824,815"
914,Nevada,April,2020,14.5%,"5,464","8,646",713,607,"1,125,057"
915,Orange,April,2020,13.8%,"127,910","228,193","20,472","16,980","28,602,087"
916,Placer,April,2020,13.3%,"9,763","15,805","1,622","1,549","1,964,002"
917,Plumas,April,2020,20.5%,"1,371","2,342",114,65,"290,292"
918,Riverside,April,2020,15.3%,"134,406","266,334","22,616","20,877","33,443,211"
919,Sacramento,April,2020,14.7%,"115,999","220,433","10,545","8,182","27,567,985"
920,San Benito,April,2020,19.8%,"2,576","5,128",406,297,"637,922"
921,San Bernardino,April,2020,13.4%,"168,327","342,576","19,520","17,496","42,660,218"
922,San Diego,April,2020,15.0%,"173,018","311,379","27,868","25,112","38,679,059"
923,San Francisco,April,2020,12.6%,"53,714","75,243","8,488","7,743","8,690,017"
924,San Joaquin,April,2020,18.3%,"50,097","101,595","5,856","4,571","12,270,365"
925,San Luis Obispo,April,2020,13.7%,"11,578","18,378","1,752","1,457","2,373,906"
926,San Mateo,April,2020,11.4%,"14,285","24,595","3,654","3,073","3,038,249"
927,Santa Barbara,April,2020,13.7%,"25,416","44,217","3,025","2,543","5,812,270"
928,Santa Clara,April,2020,11.7%,"55,250","91,263","7,963","7,035","11,349,518"
929,Santa Cruz,April,2020,17.4%,"17,625","27,611","2,375","1,533","3,683,349"
930,Shasta,April,2020,15.9%,"15,063","25,642","1,723","1,182","2,919,056"
931,Sierra,April,2020,14.2%,188,290,16,10,"31,289"
932,Siskiyou,April,2020,15.8%,"4,210","7,733",415,294,"903,604"
933,Solano,April,2020,14.9%,"24,193","41,337","3,330","2,548","5,297,677"
934,Sonoma,April,2020,15.2%,"18,267","29,076","1,823","1,745","3,607,345"
935,Stanislaus,April,2020,17.0%,"40,220","77,715","4,768","3,516","9,361,281"
936,Sutter,April,2020,17.9%,"5,879","12,229",650,517,"1,471,634"
937,Tehama,April,2020,14.5%,"5,401","10,272",505,379,"1,151,023"
938,Trinity,April,2020,12.8%,"1,192","1,962",103,77,"255,566"
939,Tulare,April,2020,19.0%,"53,443","115,381","4,010","2,472","14,206,442"
940,Tuolumne,April,2020,17.2%,"3,412","5,375",380,262,"637,222"
941,Ventura,April,2020,14.0%,"37,132","68,279","4,955","4,404","8,656,326"
942,Yolo,April,2020,11.9%,"13,429","21,373","1,833","1,035","2,857,424"
943,Yuba,April,2020,15.8%,"7,463","14,678",683,574,"1,719,087"
944,Statewide,May,2020,15.9%,"2,567,240","4,727,883","241,987","212,843","590,455,817"
945,Alameda,May,2020,13.5%,"82,572","134,219","9,886","8,562","17,104,593"
946,Alpine,May,2020,22.2%,92,148,7,3,"16,769"
947,Amador,May,2020,15.1%,"1,692","2,932",149,113,"353,127"
948,Butte,May,2020,13.5%,"19,681","32,491","1,305","1,023","3,935,663"
949,Calaveras,May,2020,12.0%,"3,193","5,590",164,111,"700,876"
950,Colusa,May,2020,21.1%,919,"1,934",83,57,"213,057"
951,Contra Costa,May,2020,13.6%,"40,758","73,309","5,093","4,594","9,408,379"
952,Del Norte,May,2020,13.0%,"3,320","5,902",172,111,"678,571"
953,El Dorado,May,2020,15.0%,"8,244","13,305",631,397,"1,713,836"
954,Fresno,May,2020,15.7%,"106,121","286,792","6,632","5,902","27,594,665"
955,Glenn,May,2020,13.7%,"1,810","3,634",98,69,"414,315"
956,Humboldt,May,2020,11.8%,"15,865","24,681",959,558,"3,147,998"
957,Imperial,May,2020,27.8%,"19,394","41,901","1,261",933,"4,864,011"
958,Inyo,May,2020,12.2%,"1,200","2,196",78,16,"278,556"
959,Kern,May,2020,18.3%,"81,550","172,901","7,269","5,742","21,143,777"
960,Kings,May,2020,16.0%,"12,555","26,337",860,600,"3,109,427"
961,Lake,May,2020,15.4%,"8,248","13,771",,,"1,631,578"
962,Lassen,May,2020,10.0%,"1,948","3,455",,,"424,185"
963,Los Angeles,May,2020,20.6%,"807,785","1,383,112","83,263","79,252","180,083,629"
964,Madera,May,2020,15.2%,"13,122","29,751",846,491,"3,604,083"
965,Marin,May,2020,10.3%,"8,693","13,345",916,711,"1,787,338"
966,Mariposa,May,2020,17.5%,"1,583","2,658",120,73,"326,045"
967,Mendocino,May,2020,13.2%,"7,768","13,321",523,401,"1,695,119"
968,Merced,May,2020,16.5%,"26,782","56,379","1,675","1,052","6,815,722"
969,Modoc,May,2020,11.0%,806,"1,491",27,14,"172,328"
970,Mono,May,2020,28.9%,623,"1,010",74,56,"138,908"
971,Monterey,May,2020,16.8%,"22,307","46,322","2,126","1,540","5,884,960"
972,Napa,May,2020,14.4%,"4,236","7,542",602,425,"884,437"
973,Nevada,May,2020,14.2%,"5,769","9,114",375,302,"1,171,088"
974,Orange,May,2020,14.5%,"136,916","242,909","15,238","12,824","30,977,590"
975,Placer,May,2020,12.4%,"10,232","16,886",929,851,"2,112,229"
976,Plumas,May,2020,16.9%,"1,411","2,401",65,41,"297,904"
977,Riverside,May,2020,15.8%,"142,244","282,116","15,997","14,956","35,494,701"
978,Sacramento,May,2020,14.1%,"119,470","227,892","7,271","5,768","28,844,804"
979,San Benito,May,2020,15.5%,"2,727","5,444",228,164,"683,868"
980,San Bernardino,May,2020,13.9%,"175,820","357,205","14,930","13,048","44,881,537"
981,San Diego,May,2020,15.0%,"189,714","331,073","19,701","17,535","41,615,431"
982,San Francisco,May,2020,12.6%,"56,482","79,157","5,842","5,044","9,306,237"
983,San Joaquin,May,2020,16.6%,"51,981","105,222","4,588","3,758","12,741,018"
984,San Luis Obispo,May,2020,12.7%,"12,072","19,086","1,045",840,"2,479,552"
985,San Mateo,May,2020,11.1%,"15,947","27,782","2,779","2,466","3,528,688"
986,Santa Barbara,May,2020,12.9%,"26,540","46,093","1,923","1,572","6,135,385"
987,Santa Clara,May,2020,11.0%,"59,017","96,962","6,584","5,742","12,194,763"
988,Santa Cruz,May,2020,14.4%,"18,401","28,816","1,227",788,"3,897,141"
989,Shasta,May,2020,13.1%,"15,524","26,412","1,006",677,"3,009,870"
990,Sierra,May,2020,12.6%,193,296,11,4,"33,881"
991,Siskiyou,May,2020,13.5%,"4,356","7,964",243,186,"928,299"
992,Solano,May,2020,14.2%,"26,011","44,165","2,530","1,982","5,712,557"
993,Sonoma,May,2020,12.7%,"19,473","31,184","2,172","2,056","3,988,850"
994,Stanislaus,May,2020,16.1%,"41,830","80,723","3,476","2,655","9,770,746"
995,Sutter,May,2020,16.0%,"6,075","12,540",404,332,"1,542,539"
996,Tehama,May,2020,12.6%,"5,573","10,541",352,265,"1,165,655"
997,Trinity,May,2020,10.7%,"1,259","2,068",70,40,"269,993"
998,Tulare,May,2020,18.4%,"54,714","118,467","2,677","2,210","14,818,656"
999,Tuolumne,May,2020,16.5%,"3,537","5,564",229,141,"660,734"
1000,Ventura,May,2020,13.5%,"39,489","72,388","3,562","2,680","9,378,163"
1001,Yolo,May,2020,10.5%,"13,895","21,870","1,298",767,"2,897,725"
1002,Yuba,May,2020,15.1%,"7,701","15,114",416,343,"1,790,261"
1003,Statewide,June,2020,15.1%,"2,639,252","4,840,876","190,287","165,070","601,177,426"
1004,Alameda,June,2020,13.4%,"86,632","141,850","8,340","7,099","17,778,873"
1005,Alpine,June,2020,19.6%,79,128,5,3,"14,732"
1006,Amador,June,2020,12.7%,"1,647","2,831",102,78,"336,925"
1007,Butte,June,2020,12.1%,"19,728","32,357","1,195",899,"3,988,976"
1008,Calaveras,June,2020,11.0%,"3,141","5,411",167,114,"677,126"
1009,Colusa,June,2020,18.3%,944,"1,959",77,53,"214,122"
1010,Contra Costa,June,2020,13.4%,"43,544","77,365","3,688","3,303","9,864,093"
1011,Del Norte,June,2020,12.5%,"3,356","5,947",154,92,"688,694"
1012,El Dorado,June,2020,12.9%,"8,211","13,122",500,288,"1,667,567"
1013,Fresno,June,2020,14.6%,"108,306","290,961","5,189","4,518","27,698,201"
1014,Glenn,June,2020,12.9%,"1,818","3,610",119,78,"416,892"
1015,Humboldt,June,2020,11.6%,"15,745","24,345",865,474,"3,125,325"
1016,Imperial,June,2020,27.3%,"19,700","42,207","1,126",840,"4,995,746"
1017,Inyo,June,2020,10.9%,"1,211","2,199",56,23,"271,386"
1018,Kern,June,2020,17.5%,"82,052","174,183","5,979","4,613","21,907,962"
1019,Kings,June,2020,14.6%,"12,590","26,219",768,573,"3,104,303"
1020,Lake,June,2020,14.2%,"8,140","13,424",283,266,"1,621,516"
1021,Lassen,June,2020,9.5%,"1,992","3,532",108,50,"433,644"
1022,Los Angeles,June,2020,19.5%,"834,828","1,424,012","60,157","58,367","183,096,226"
1023,Madera,June,2020,14.1%,"13,359","30,147",700,337,"3,721,742"
1024,Marin,June,2020,10.0%,"8,889","13,648",542,405,"1,854,974"
1025,Mariposa,June,2020,14.3%,"1,499","2,493",73,30,"306,946"
1026,Mendocino,June,2020,12.3%,"7,820","13,310",442,320,"1,711,277"
1027,Merced,June,2020,15.7%,"26,475","55,459","1,622","1,016","6,813,349"
1028,Modoc,June,2020,10.0%,810,"1,496",33,21,"176,685"
1029,Mono,June,2020,24.7%,619,993,43,37,"135,007"
1030,Monterey,June,2020,14.4%,"22,979","47,640","1,820","1,360","6,170,691"
1031,Napa,June,2020,12.5%,"4,131","7,276",403,301,"859,225"
1032,Nevada,June,2020,13.0%,"5,658","8,828",304,223,"1,136,910"
1033,Orange,June,2020,13.7%,"141,812","252,147","10,700","8,857","31,459,737"
1034,Placer,June,2020,11.2%,"10,270","16,499",799,690,"2,028,794"
1035,Plumas,June,2020,13.9%,"1,419","2,400",84,49,"294,162"
1036,Riverside,June,2020,14.8%,"145,900","288,138","13,203","12,087","36,512,145"
1037,Sacramento,June,2020,13.6%,"123,598","234,265","7,037","5,735","29,375,495"
1038,San Benito,June,2020,13.8%,"2,825","5,640",210,153,"715,281"
1039,San Bernardino,June,2020,13.8%,"179,336","363,347","12,140","9,992","46,201,097"
1040,San Diego,June,2020,13.9%,"198,896","348,149","15,153","12,924","43,142,061"
1041,San Francisco,June,2020,12.5%,"59,128","82,794","4,047","3,378","9,551,611"
1042,San Joaquin,June,2020,15.9%,"51,499","103,096","4,002","3,249","12,618,954"
1043,San Luis Obispo,June,2020,11.5%,"12,002","18,677",777,585,"2,377,628"
1044,San Mateo,June,2020,10.8%,"16,680","29,048","2,051","1,786","3,583,958"
1045,Santa Barbara,June,2020,11.6%,"27,170","47,169","1,805","1,481","6,148,681"
1046,Santa Clara,June,2020,10.7%,"61,189","100,482","5,101","4,439","12,532,164"
1047,Santa Cruz,June,2020,13.0%,"18,581","29,047",921,623,"3,866,996"
1048,Shasta,June,2020,11.5%,"15,535","26,215","1,045",663,"2,994,985"
1049,Sierra,June,2020,11.1%,190,293,7,5,"33,691"
1050,Siskiyou,June,2020,12.6%,"4,408","8,020",246,187,"941,336"
1051,Solano,June,2020,13.7%,"27,019","45,845","1,886","1,458","5,829,605"
1052,Sonoma,June,2020,11.5%,"20,155","32,029","3,106","3,010","4,049,598"
1053,Stanislaus,June,2020,15.0%,"41,252","78,669","3,233","2,413","9,628,129"
1054,Sutter,June,2020,15.0%,"6,132","12,524",482,394,"1,536,956"
1055,Tehama,June,2020,11.8%,"5,663","10,664",329,227,"1,187,846"
1056,Trinity,June,2020,9.8%,"1,294","2,105",68,40,"279,708"
1057,Tulare,June,2020,17.2%,"55,602","119,800","2,223","1,428","14,763,463"
1058,Tuolumne,June,2020,14.4%,"3,478","5,421",206,116,"653,445"
1059,Ventura,June,2020,12.6%,"40,306","73,872","2,927","2,272","9,300,518"
1060,Yolo,June,2020,10.6%,"14,233","22,427","1,181",686,"2,964,476"
1061,Yuba,June,2020,14.4%,"7,777","15,142",458,362,"1,815,793"
1062,Statewide,July,2020,13.7%,"2,578,120","4,684,911","172,073","139,461","572,379,787"
1063,Alameda,July,2020,12.0%,"86,626","139,604","6,968","5,617","17,423,995"
1064,Alpine,July,2020,14.1%,73,118,4,2,"12,848"
1065,Amador,July,2020,11.9%,"1,519","2,545",109,68,"302,115"
1066,Butte,July,2020,11.1%,"18,528","30,236","1,253",911,"3,621,067"
1067,Calaveras,July,2020,9.6%,"2,959","5,044",172,97,"617,409"
1068,Colusa,July,2020,15.3%,913,"1,900",63,45,"201,622"
1069,Contra Costa,July,2020,12.0%,"43,542","76,147","2,957","2,572","9,519,098"
1070,Del Norte,July,2020,11.3%,"3,271","5,794",163,77,"643,885"
1071,El Dorado,July,2020,10.3%,"7,807","12,415",578,275,"1,543,717"
1072,Fresno,July,2020,13.5%,"106,240","279,904","5,181","4,320","26,245,768"
1073,Glenn,July,2020,108.0%,"1,740","3,442",103,63,"379,696"
1074,Humboldt,July,2020,10.2%,"15,001","23,175",925,435,"2,936,373"
1075,Imperial,July,2020,26.8%,"18,973","40,511",989,640,"4,655,597"
1076,Inyo,July,2020,9.4%,"1,162","2,076",57,13,"255,982"
1077,Kern,July,2020,16.5%,"79,880","168,942","5,521","3,888","20,527,513"
1078,Kings,July,2020,13.1%,"12,133","25,242",789,507,"2,902,460"
1079,Lake,July,2020,11.6%,"7,859","12,897",382,244,"1,516,551"
1080,Lassen,July,2020,8.6%,"1,879","3,349",101,28,"396,472"
1081,Los Angeles,July,2020,18.2%,"821,129","1,398,867","54,168","49,165","177,703,857"
1082,Madera,July,2020,13.0%,"13,013","29,364",692,322,"3,541,117"
1083,Marin,July,2020,8.8%,"8,695","13,284",530,358,"1,778,462"
1084,Mariposa,July,2020,10.8%,"1,458","2,403",61,20,"285,971"
1085,Mendocino,July,2020,10.9%,"7,425","12,630",431,276,"1,587,489"
1086,Merced,July,2020,14.5%,"25,369","53,190","1,581",852,"6,350,763"
1087,Modoc,July,2020,8.8%,784,"1,435",36,19,"158,100"
1088,Mono,July,2020,16.6%,597,956,39,33,"127,876"
1089,Monterey,July,2020,12.1%,"21,657","44,473","1,599","1,041","5,571,312"
1090,Napa,July,2020,10.4%,"4,032","7,062",372,225,"821,805"
1091,Nevada,July,2020,10.6%,"5,489","8,567",351,246,"1,091,109"
1092,Orange,July,2020,12.3%,"138,010","239,857","9,993","7,596","29,753,371"
1093,Placer,July,2020,9.8%,"9,831","15,723",753,646,"1,931,907"
1094,Plumas,July,2020,11.4%,"1,378","2,298",86,41,"274,147"
1095,Riverside,July,2020,13.7%,"137,553","270,888","11,617","10,337","33,462,347"
1096,Sacramento,July,2020,12.5%,"123,140","226,834","7,252","5,973","28,196,775"
1097,San Benito,July,2020,11.9%,"2,735","5,423",166,108,"670,139"
1098,San Bernardino,July,2020,13.1%,"170,169","345,004","11,716","9,010","42,820,860"
1099,San Diego,July,2020,12.3%,"199,745","343,297","13,239","10,613","41,817,464"
1100,San Francisco,July,2020,10.9%,"55,982","78,064","3,688","3,002","8,905,823"
1101,San Joaquin,July,2020,14.8%,"49,680","99,175","3,948","2,986","11,647,533"
1102,San Luis Obispo,July,2020,9.9%,"11,212","17,137",768,561,"2,158,738"
1103,San Mateo,July,2020,9.2%,"16,755","29,209","1,650","1,340","3,562,205"
1104,Santa Barbara,July,2020,10.0%,"26,811","45,377","1,632","1,305","5,854,223"
1105,Santa Clara,July,2020,9.3%,"61,370","99,509","3,998","3,257","12,326,491"
1106,Santa Cruz,July,2020,11.2%,"17,950","27,544",917,511,"3,631,255"
1107,Shasta,July,2020,10.5%,"15,058","25,244","1,025",598,"2,795,404"
1108,Sierra,July,2020,9.3%,178,275,3,0,"29,650"
1109,Siskiyou,July,2020,11.2%,"4,268","7,719",251,171,"878,420"
1110,Solano,July,2020,12.4%,"26,824","44,831","1,567","1,157","5,626,683"
1111,Sonoma,July,2020,9.8%,"20,358","31,956","1,455","1,312","3,977,850"
1112,Stanislaus,July,2020,13.6%,"39,168","74,331","2,829","1,944","8,812,374"
1113,Sutter,July,2020,13.5%,"5,871","12,008",412,296,"1,438,933"
1114,Tehama,July,2020,11.0%,"5,501","10,305",350,187,"1,112,604"
1115,Trinity,July,2020,8.6%,"1,271","2,009",79,44,"259,146"
1116,Tulare,July,2020,16.2%,"54,253","113,959","2,042","1,305","13,943,253"
1117,Tuolumne,July,2020,12.6%,"3,264","5,012",203,109,"593,153"
1118,Ventura,July,2020,11.3%,"38,529","70,264","2,695","1,736","8,718,954"
1119,Yolo,July,2020,9.5%,"13,991","21,451","1,164",651,"2,766,577"
1120,Yuba,July,2020,13.5%,"7,512","14,636",400,306,"1,693,481"
1121,Statewide,August,2020,11.6%,"2,549,270","4,640,393","194,399","149,747","558,447,062"
1122,Alameda,August,2020,9.8%,"86,097","139,609","7,382","5,609","17,247,406"
1123,Alpine,August,2020,11.2%,69,113,5,4,"11,837"
1124,Amador,August,2020,9.3%,"1,490","2,507",155,107,"289,532"
1125,Butte,August,2020,9.0%,"17,921","29,244","1,848","1,385","3,454,582"
1126,Calaveras,August,2020,7.5%,"2,924","4,991",215,144,"608,928"
1127,Colusa,August,2020,11.0%,929,"1,919",85,56,"202,713"
1128,Contra Costa,August,2020,9.8%,"43,916","77,681","3,209","2,756","9,585,920"
1129,Del Norte,August,2020,9.4%,"3,230","5,701",194,96,"632,021"
1130,El Dorado,August,2020,8.0%,"7,646","12,109",665,376,"1,482,242"
1131,Fresno,August,2020,10.9%,"103,281","272,863","6,580","5,551","25,251,540"
1132,Glenn,August,2020,8.1%,"1,740","3,442",114,71,"368,664"
1133,Humboldt,August,2020,8.4%,"14,830","23,065","1,096",542,"2,840,638"
1134,Imperial,August,2020,22.9%,"18,706","39,980","1,252",771,"4,555,371"
1135,Inyo,August,2020,7.4%,"1,137","2,042",72,17,"248,702"
1136,Kern,August,2020,13.1%,"78,286","166,130","6,583","4,476","19,808,283"
1137,Kings,August,2020,10.7%,"11,891","24,803",953,566,"2,801,828"
1138,Lake,August,2020,8.8%,"7,768","12,884",470,294,"1,480,039"
1139,Lassen,August,2020,6.7%,"1,847","3,272",113,44,"387,476"
1140,Los Angeles,August,2020,16.6%,"814,259","1,386,045","57,812","48,131","174,216,176"
1141,Madera,August,2020,10.0%,"12,838","28,976",728,349,"3,440,960"
1142,Marin,August,2020,7.0%,"8,706","13,352",586,340,"1,782,751"
1143,Mariposa,August,2020,8.5%,"1,458","2,392",101,41,"277,910"
1144,Mendocino,August,2020,8.8%,"7,388","12,671",518,330,"1,566,446"
1145,Merced,August,2020,11.3%,"25,223","53,197","2,046","1,259","6,293,181"
1146,Modoc,August,2020,6.8%,775,"1,404",32,15,"151,620"
1147,Mono,August,2020,11.6%,580,917,44,35,"115,340"
1148,Monterey,August,2020,9.4%,"20,744","42,366","1,906","1,304","5,126,717"
1149,Napa,August,2020,8.3%,"4,055","7,064",449,262,"802,419"
1150,Nevada,August,2020,8.0%,"5,409","8,437",366,267,"1,027,982"
1151,Orange,August,2020,9.9%,"136,155","239,471","12,297","8,679","29,107,648"
1152,Placer,August,2020,7.7%,"9,475","15,101",866,751,"1,807,698"
1153,Plumas,August,2020,8.2%,"1,347","2,285",110,47,"265,225"
1154,Riverside,August,2020,11.2%,"133,183","262,616","14,419","12,796","32,046,308"
1155,Sacramento,August,2020,10.3%,"121,167","223,552","8,601","6,956","27,397,795"
1156,San Benito,August,2020,9.2%,"2,710","5,363",184,127,"639,042"
1157,San Bernardino,August,2020,10.8%,"165,633","337,335","13,711","10,147","41,550,044"
1158,San Diego,August,2020,9.9%,"199,506","343,582","14,327","11,569","40,637,298"
1159,San Francisco,August,2020,8.8%,"59,874","83,851","3,853","3,227","8,957,228"
1160,San Joaquin,August,2020,11.9%,"49,805","99,870","3,842","2,772","11,604,026"
1161,San Luis Obispo,August,2020,7.8%,"10,684","16,528","1,021",766,"2,042,277"
1162,San Mateo,August,2020,7.5%,"16,754","29,298","1,847","1,549","3,524,428"
1163,Santa Barbara,August,2020,8.0%,"26,150","44,636","1,949","1,493","5,681,208"
1164,Santa Clara,August,2020,7.5%,"61,771","101,042","4,191","3,305","12,146,928"
1165,Santa Cruz,August,2020,8.6%,"17,535","27,217","1,159",632,"3,524,874"
1166,Shasta,August,2020,8.3%,"14,802","24,868","1,208",666,"2,694,897"
1167,Sierra,August,2020,7.7%,169,255,7,2,"28,426"
1168,Siskiyou,August,2020,9.1%,"4,205","7,535",310,202,"850,769"
1169,Solano,August,2020,10.3%,"26,513","44,318","1,695","1,204","5,427,016"
1170,Sonoma,August,2020,7.7%,"20,574","32,476","1,361","1,192","3,908,614"
1171,Stanislaus,August,2020,10.9%,"38,611","73,675","3,618","1,247","8,546,387"
1172,Sutter,August,2020,10.7%,"5,744","11,737",460,330,"1,385,974"
1173,Tehama,August,2020,8.8%,"5,399","10,077",378,212,"1,077,340"
1174,Trinity,August,2020,6.8%,"1,249","2,007",62,27,"255,702"
1175,Tulare,August,2020,13.1%,"52,384","111,277","2,426","1,316","13,681,435"
1176,Tuolumne,August,2020,10.2%,"3,176","4,843",291,154,"561,888"
1177,Ventura,August,2020,9.1%,"38,619","70,947","2,741","2,017","8,709,583"
1178,Yolo,August,2020,7.5%,"13,577","21,050","1,416",824,"2,687,297"
1179,Yuba,August,2020,10.8%,"7,356","14,405",470,340,"1,640,481"
1180,Statewide,September,2020,10.8%,"2,523,606","4,666,504","166,669","123,137","544,728,685"
1181,Alameda,September,2020,9.3%,"85,083","143,675","6,218","4,446","16,651,321"
1182,Alpine,September,2020,10.7%,66,109,3,0,"11,543"
1183,Amador,September,2020,8.7%,"1,513","2,586",159,82,"298,105"
1184,Butte,September,2020,8.5%,"17,666","28,943","1,575","1,160","3,387,493"
1185,Calaveras,September,2020,7.4%,"2,879","4,934",166,91,"591,152"
1186,Colusa,September,2020,10.6%,934,"1,904",59,34,"199,031"
1187,Contra Costa,September,2020,9.3%,"43,968","80,426","2,519","2,038","9,420,087"
1188,Del Norte,September,2020,8.8%,"3,169","5,592",145,60,"609,003"
1189,El Dorado,September,2020,7.5%,"7,424","11,761",512,245,"1,408,804"
1190,Fresno,September,2020,10.4%,"101,231","273,438","5,910","4,762","24,499,970"
1191,Glenn,September,2020,7.3%,"1,690","3,358",96,50,"361,473"
1192,Humboldt,September,2020,7.6%,"14,520","22,698","1,000",473,"2,756,079"
1193,Imperial,September,2020,21.5%,"18,523","39,673","1,066",588,"4,458,462"
1194,Inyo,September,2020,7.3%,"1,116","1,991",58,10,"237,852"
1195,Kern,September,2020,12.4%,"76,998","164,079","5,761","3,847","19,323,460"
1196,Kings,September,2020,10.3%,"11,711","24,467",798,421,"2,726,906"
1197,Lake,September,2020,8.6%,"7,673","12,738",385,229,"1,438,556"
1198,Lassen,September,2020,6.3%,"1,823","3,224",101,41,"379,821"
1199,Los Angeles,September,2020,15.1%,"810,634","1,383,013","47,546","36,799","171,030,544"
1200,Madera,September,2020,9.4%,"12,623","28,503",661,287,"3,342,602"
1201,Marin,September,2020,6.5%,"8,639","13,247",461,281,"1,731,364"
1202,Mariposa,September,2020,8.4%,"1,468","2,409",79,32,"279,704"
1203,Mendocino,September,2020,8.3%,"7,233","12,419",439,288,"1,490,995"
1204,Merced,September,2020,10.6%,"25,087","52,947","1,658",898,"6,179,162"
1205,Modoc,September,2020,6.5%,760,"1,377",39,20,"147,639"
1206,Mono,September,2020,11.2%,539,864,51,43,"106,044"
1207,Monterey,September,2020,8.8%,"20,169","41,019","1,675","1,005","4,838,540"
1208,Napa,September,2020,7.6%,"4,065","7,109",392,214,"795,331"
1209,Nevada,September,2020,7.4%,"5,251","8,186",341,225,"986,008"
1210,Orange,September,2020,9.0%,"135,062","247,703","9,729","6,631","28,393,567"
1211,Placer,September,2020,7.1%,"9,475","18,478",667,573,"1,761,068"
1212,Plumas,September,2020,7.8%,"1,347","2,247",116,67,"259,715"
1213,Riverside,September,2020,10.5%,"130,900","259,321","12,043","10,229","31,311,590"
1214,Sacramento,September,2020,9.8%,"119,020","229,917","7,569","5,855","26,634,568"
1215,San Benito,September,2020,8.7%,"2,667","5,277",168,102,"621,657"
1216,San Bernardino,September,2020,10.3%,"162,182","331,506","11,884","8,035","40,341,061"
1217,San Diego,September,2020,9.0%,"199,681","357,489","14,578","11,567","39,409,491"
1218,San Francisco,September,2020,8.4%,"59,799","83,903","3,084","2,520","8,915,639"
1219,San Joaquin,September,2020,11.4%,"49,307","99,221","3,540","2,548","11,385,434"
1220,San Luis Obispo,September,2020,7.2%,"10,539","17,353",952,649,"1,968,054"
1221,San Mateo,September,2020,7.1%,"16,700","29,251","1,441","1,113","3,461,728"
1222,Santa Barbara,September,2020,7.4%,"25,492","45,150","1,956","1,453","5,423,645"
1223,Santa Clara,September,2020,7.0%,"61,748","104,152","3,378","2,576","11,899,319"
1224,Santa Cruz,September,2020,8.1%,"17,262","27,613","1,158",616,"3,369,456"
1225,Shasta,September,2020,7.8%,"14,531","24,505","1,078",586,"2,627,869"
1226,Sierra,September,2020,6.7%,162,254,11,2,"25,753"
1227,Siskiyou,September,2020,8.5%,"4,164","7,429",258,156,"836,085"
1228,Solano,September,2020,9.7%,"26,246","45,792","1,533","1,041","5,227,895"
1229,Sonoma,September,2020,7.2%,"20,280","33,120","1,228","1,066","3,731,579"
1230,Stanislaus,September,2020,10.3%,"38,372","73,796","2,876","1,704","8,435,539"
1231,Sutter,September,2020,10.3%,"5,680","11,623",410,268,"1,366,415"
1232,Tehama,September,2020,8.2%,"5,332","9,918",375,205,"1,052,655"
1233,Trinity,September,2020,6.7%,"1,227","1,972",78,38,"243,329"
1234,Tulare,September,2020,12.2%,"50,621","112,531","2,338","1,596","13,177,131"
1235,Tuolumne,September,2020,9.6%,"3,152","4,815",222,101,"550,370"
1236,Ventura,September,2020,8.4%,"37,821","69,793","2,220","1,560","8,410,461"
1237,Yolo,September,2020,7.1%,"13,149","21,350","1,530","1,330","2,592,495"
1238,Yuba,September,2020,10.6%,"7,233","14,336",376,281,"1,608,066"
1239,Statewide,October,2020,9.0%,"2,429,072","4,509,104","168,219","119,249","551,824,579"
1240,Alameda,October,2020,7.9%,"81,670","138,417","6,240","4,073","16,524,612"
1241,Alpine,October,2020,9.7%,63,105,4,2,"11,846"
1242,Amador,October,2020,7.7%,"1,497","2,573",141,74,"308,333"
1243,Butte,October,2020,7.4%,"17,108","28,177","1,422",981,"3,504,238"
1244,Calaveras,October,2020,6.6%,"2,795","4,811",202,100,"611,483"
1245,Colusa,October,2020,9.3%,900,"1,795",58,30,"199,240"
1246,Contra Costa,October,2020,7.9%,"42,744","78,584","2,375","1,877","9,537,552"
1247,Del Norte,October,2020,9.0%,"3,071","5,473",158,55,"630,745"
1248,El Dorado,October,2020,6.4%,"6,933","11,025",565,256,"1,396,641"
1249,Fresno,October,2020,9.3%,"97,441","267,287","5,913","4,505","24,537,319"
1250,Glenn,October,2020,6.3%,"1,608","3,235",107,57,"377,959"
1251,Humboldt,October,2020,6.6%,"13,837","21,665","1,052",470,"2,796,515"
1252,Imperial,October,2020,18.8%,"18,022","38,803","1,077",564,"4,647,110"
1253,Inyo,October,2020,6.5%,"1,056","1,909",63,15,"240,618"
1254,Kern,October,2020,10.6%,"73,942","158,626","6,200","3,909","19,850,712"
1255,Kings,October,2020,9.3%,"11,305","23,776",876,396,"2,837,492"
1256,Lake,October,2020,7.7%,"7,422","12,323",412,218,"1,477,756"
1257,Lassen,October,2020,5.2%,"1,764","3,161",127,48,"395,448"
1258,Los Angeles,October,2020,12.1%,"778,220","1,331,212","48,913","37,231","173,120,052"
1259,Madera,October,2020,8.5%,"12,139","27,556",711,300,"3,421,096"
1260,Marin,October,2020,5.4%,"8,332","12,766",461,281,"1,738,699"
1261,Mariposa,October,2020,7.3%,"1,401","2,331",87,38,"289,266"
1262,Mendocino,October,2020,7.3%,"6,877","11,851",427,250,"1,508,998"
1263,Merced,October,2020,9.3%,"24,349","51,785","1,515",760,"6,423,046"
1264,Modoc,October,2020,5.9%,734,"1,341",37,10,"152,787"
1265,Mono,October,2020,9.9%,465,737,42,28,"93,383"
1266,Monterey,October,2020,7.8%,"19,116","38,975","1,925",920,"4,875,089"
1267,Napa,October,2020,6.6%,"3,899","6,765",498,209,"803,698"
1268,Nevada,October,2020,6.4%,"5,005","7,831",331,223,"1,010,449"
1269,Orange,October,2020,7.5%,"129,922","239,606","9,610","6,223","28,581,505"
1270,Placer,October,2020,6.0%,"9,387","14,939",631,495,"1,775,030"
1271,Plumas,October,2020,6.9%,"1,303","2,171",82,39,"269,850"
1272,Riverside,October,2020,9.0%,"123,843","246,522","12,134","10,003","31,400,183"
1273,Sacramento,October,2020,8.4%,"115,408","224,584","7,483","5,649","27,291,736"
1274,San Benito,October,2020,7.5%,"2,546","5,054",198,107,"629,989"
1275,San Bernardino,October,2020,9.1%,"153,307","315,453","12,515","8,115","40,414,398"
1276,San Diego,October,2020,7.7%,"195,294","350,744","14,494","11,290","39,855,562"
1277,San Francisco,October,2020,6.9%,"58,267","81,871","3,018","2,376","9,200,775"
1278,San Joaquin,October,2020,10.0%,"47,975","96,739","3,318","2,263","11,776,811"
1279,San Luis Obispo,October,2020,6.0%,"10,342","17,071",849,557,"1,998,290"
1280,San Mateo,October,2020,6.0%,"16,205","28,446","1,427","1,038","3,431,077"
1281,Santa Barbara,October,2020,6.3%,"24,434","43,712","1,817","1,300","5,410,191"
1282,Santa Clara,October,2020,5.9%,"60,864","102,841","3,134","2,338","12,288,736"
1283,Santa Cruz,October,2020,7.1%,"16,447","26,541",931,591,"3,355,409"
1284,Shasta,October,2020,6.9%,"14,046","23,602","1,173",592,"2,677,847"
1285,Sierra,October,2020,5.5%,160,246,10,5,"26,135"
1286,Siskiyou,October,2020,7.3%,"4,103","7,297",310,191,"870,324"
1287,Solano,October,2020,8.5%,"25,400","44,413","1,526",950,"5,195,678"
1288,Sonoma,October,2020,6.2%,"19,769","32,419","1,139",956,"3,778,260"
1289,Stanislaus,October,2020,9.1%,"36,965","71,656","2,917","1,605","8,666,637"
1290,Sutter,October,2020,9.1%,"5,515","11,358",381,242,"1,391,656"
1291,Tehama,October,2020,7.2%,"5,181","9,620",392,209,"1,092,600"
1292,Trinity,October,2020,6.3%,"1,202","1,945",82,33,"255,167"
1293,Tulare,October,2020,10.9%,"48,487","108,939","2,610","1,436","13,550,950"
1294,Tuolumne,October,2020,8.3%,"3,106","4,767",268,114,"563,394"
1295,Ventura,October,2020,7.1%,"36,009","66,740","2,153","1,403","8,412,377"
1296,Yolo,October,2020,6.2%,"12,889","20,999","1,268",975,"2,686,046"
1297,Yuba,October,2020,9.4%,"6,981","13,914",410,274,"1,655,784"
1298,Statewide,November,2020,7.9%,"2,359,544","4,383,800","173,817","124,577","527,267,959"
1299,Alameda,November,2020,6.7%,"78,468","132,809","6,411","4,338","15,568,349"
1300,Alpine,November,2020,7.1%,60,100,5,3,"10,675"
1301,Amador,November,2020,7.0%,"1,472","2,529",141,77,"296,124"
1302,Butte,November,2020,6.8%,"16,731","27,522","1,379",904,"3,358,435"
1303,Calaveras,November,2020,5.9%,"2,758","4,750",197,98,"595,055"
1304,Colusa,November,2020,10.8%,896,"1,794",82,46,"205,632"
1305,Contra Costa,November,2020,6.8%,"41,736","76,656","2,494","1,981","9,180,650"
1306,Del Norte,November,2020,7.6%,"3,055","5,458",186,80,"619,181"
1307,El Dorado,November,2020,5.7%,"6,753","10,698",662,321,"1,326,496"
1308,Fresno,November,2020,8.6%,"93,977","260,212","6,550","5,337","23,084,195"
1309,Glenn,November,2020,6.0%,"1,580","3,154",129,61,"363,152"
1310,Humboldt,November,2020,6.0%,"13,462","21,139","1,148",533,"2,669,125"
1311,Imperial,November,2020,16.4%,"17,590","37,942","1,083",617,"4,455,271"
1312,Inyo,November,2020,5.8%,"1,013","1,837",84,17,"225,453"
1313,Kern,November,2020,9.4%,"71,641","154,228","6,134","3,823","18,986,251"
1314,Kings,November,2020,8.9%,"11,081","23,371","1,014",518,"2,770,590"
1315,Lake,November,2020,7.3%,"7,311","12,147",394,252,"1,425,144"
1316,Lassen,November,2020,5.3%,"1,732","3,105",128,47,"380,499"
1317,Los Angeles,November,2020,10.6%,"759,930","1,299,069","51,399","39,765","167,140,781"
1318,Madera,November,2020,8.1%,"11,878","26,926",774,330,"3,306,781"
1319,Marin,November,2020,4.7%,"8,151","12,460",455,254,"1,664,944"
1320,Mariposa,November,2020,7.6%,"1,384","2,290",101,38,"277,272"
1321,Mendocino,November,2020,6.8%,"6,705","11,491",491,337,"1,423,685"
1322,Merced,November,2020,9.0%,"23,951","50,912","1,638",809,"6,254,616"
1323,Modoc,November,2020,6.2%,724,"1,313",43,15,"153,025"
1324,Mono,November,2020,8.1%,428,696,47,31,"88,180"
1325,Monterey,November,2020,7.7%,"18,502","37,656","2,488","1,088","4,638,809"
1326,Napa,November,2020,6.0%,"3,880","6,807",500,259,"794,003"
1327,Nevada,November,2020,5.6%,"4,938","7,705",353,248,"984,651"
1328,Orange,November,2020,6.4%,"125,767","232,111","10,089","6,648","27,325,712"
1329,Placer,November,2020,5.2%,"9,233","14,555",666,546,"1,685,135"
1330,Plumas,November,2020,7.2%,"1,271","2,106",122,55,"252,373"
1331,Riverside,November,2020,7.8%,"119,370","237,999","12,494","10,101","29,584,782"
1332,Sacramento,November,2020,7.4%,"111,399","217,345","7,296","5,439","25,780,578"
1333,San Benito,November,2020,6.9%,"2,503","4,999",193,89,"620,252"
1334,San Bernardino,November,2020,8.0%,"147,899","303,509","13,017","8,647","38,289,264"
1335,San Diego,November,2020,6.6%,"188,349","338,000","14,149","11,119","37,747,893"
1336,San Francisco,November,2020,5.7%,"57,800","81,234","3,181","2,515","8,998,075"
1337,San Joaquin,November,2020,9.0%,"47,066","94,825","3,143","1,997","11,277,641"
1338,San Luis Obispo,November,2020,5.4%,"10,140","16,697",834,532,"1,923,451"
1339,San Mateo,November,2020,5.1%,"15,733","27,563","1,367","1,003","3,255,584"
1340,Santa Barbara,November,2020,5.8%,"23,611","42,238","1,930","1,267","5,075,751"
1341,Santa Clara,November,2020,5.1%,"59,463","100,289","3,279","2,547","11,758,793"
1342,Santa Cruz,November,2020,6.7%,"16,017","25,928",959,578,"3,204,943"
1343,Shasta,November,2020,6.5%,"13,650","22,980","1,308",713,"2,545,593"
1344,Sierra,November,2020,5.0%,150,232,9,5,"23,100"
1345,Siskiyou,November,2020,7.3%,"4,096","7,222",347,234,"842,858"
1346,Solano,November,2020,7.5%,"24,401","42,611","1,683","1,060","4,929,175"
1347,Sonoma,November,2020,5.5%,"19,059","31,059",989,837,"3,559,523"
1348,Stanislaus,November,2020,8.3%,"35,741","69,436","2,961","1,684","8,224,821"
1349,Sutter,November,2020,8.6%,"5,406","11,152",406,270,"1,346,950"
1350,Tehama,November,2020,6.8%,"5,051","9,398",403,212,"1,045,443"
1351,Trinity,November,2020,6.1%,"1,161","1,881",77,40,"244,017"
1352,Tulare,November,2020,9.8%,"46,341","104,666","2,593","1,678","12,792,744"
1353,Tuolumne,November,2020,7.4%,"3,075","4,726",245,113,"545,615"
1354,Ventura,November,2020,6.3%,"34,752","68,415","2,153","1,403","7,973,049"
1355,Yolo,November,2020,5.8%,"12,383","20,106",958,700,"2,555,335"
1356,Yuba,November,2020,8.7%,"6,870","13,742",456,318,"1,612,486"
1357,Statewide,December,2020,8.8%,"2,346,777","4,355,092","232,255","179,307","522,050,103"
1358,Alameda,December,2020,7.6%,"78,156","131,805","9,479","7,041","15,364,421"
1359,Alpine,December,2020,7.3%,59,93,4,1,"10,445"
1360,Amador,December,2020,8.4%,"1,462","2,517",236,164,"294,707"
1361,Butte,December,2020,8.2%,"16,485","27,247","1,872","1,363","3,273,105"
1362,Calaveras,December,2020,7.3%,"2,780","4,825",278,184,"591,822"
1363,Colusa,December,2020,15.5%,934,"1,865",95,86,"211,777"
1364,Contra Costa,December,2020,7.9%,"41,836","76,656","4,176","3,555","9,117,582"
1365,Del Norte,December,2020,9.2%,"3,074","5,462",221,137,"625,575"
1366,El Dorado,December,2020,7.0%,"6,744","10,677",947,508,"1,311,431"
1367,Fresno,December,2020,10.4%,"93,515","261,526","8,606","7,474","23,105,415"
1368,Glenn,December,2020,7.7%,"1,555","3,079",134,80,"349,392"
1369,Humboldt,December,2020,7.5%,"13,383","21,034","1,439",719,"2,625,302"
1370,Imperial,December,2020,17.7%,"17,425","37,648","1,441",967,"4,389,718"
1371,Inyo,December,2020,6.9%,"1,019","1,862",116,28,"227,187"
1372,Kern,December,2020,11.3%,"70,804","152,838","7,275","4,872","18,754,363"
1373,Kings,December,2020,11.0%,"11,034","23,346","1,072",630,"2,747,758"
1374,Lake,December,2020,9.0%,"7,252","12,022",629,463,"1,399,253"
1375,Lassen,December,2020,7.1%,"1,724","3,094",157,93,"382,752"
1376,Los Angeles,December,2020,10.7%,"760,063","1,297,558","78,490","63,639","165,894,150"
1377,Madera,December,2020,9.9%,"11,841","26,878","1,080",539,"3,274,579"
1378,Marin,December,2020,5.5%,"8,177","12,521",665,446,"1,655,712"
1379,Mariposa,December,2020,10.3%,"1,420","2,365",150,75,"289,954"
1380,Mendocino,December,2020,8.1%,"6,756","11,600",675,501,"1,414,936"
1381,Merced,December,2020,11.5%,"23,834","50,703","2,373","1,324","6,201,440"
1382,Modoc,December,2020,8.9%,713,"1,279",68,35,"139,828"
1383,Mono,December,2020,8.9%,471,770,116,102,"97,653"
1384,Monterey,December,2020,11.4%,"19,074","39,244","3,206","1,769","4,982,404"
1385,Napa,December,2020,7.3%,"3,969","6,964",626,419,"809,621"
1386,Nevada,December,2020,6.8%,"4,873","7,626",569,421,"952,944"
1387,Orange,December,2020,7.4%,"125,847","231,110","15,438","11,321","27,042,339"
1388,Placer,December,2020,6.2%,"9,214","14,595","1,032",895,"1,690,134"
1389,Plumas,December,2020,10.7%,"1,294","2,178",145,73,"264,268"
1390,Riverside,December,2020,9.1%,"118,041","235,562","18,029","15,611","28,967,440"
1391,Sacramento,December,2020,8.5%,"109,847","213,765","12,011","9,503","25,387,051"
1392,San Benito,December,2020,8.7%,"2,562","5,092",313,194,"620,818"
1393,San Bernardino,December,2020,9.2%,"143,813","297,337","17,407","13,442","37,285,215"
1394,San Diego,December,2020,8.0%,"188,904","337,549",,,"37,795,713"
1395,San Francisco,December,2020,6.4%,"58,481","82,179","4,823","3,879","9,068,332"
1396,San Joaquin,December,2020,10.6%,"46,980","94,695","4,557","3,327","11,236,708"
1397,San Luis Obispo,December,2020,6.7%,"10,267","16,899","1,274",969,"1,935,320"
1398,San Mateo,December,2020,5.8%,"15,719","27,421","2,360","1,884","3,220,048"
1399,Santa Barbara,December,2020,7.6%,"23,565","42,374","2,794","1,835","5,090,683"
1400,Santa Clara,December,2020,5.9%,"58,957","99,149","5,651","4,920","11,603,122"
1401,Santa Cruz,December,2020,8.5%,"15,994","25,950","1,234",797,"3,236,912"
1402,Shasta,December,2020,8.0%,"13,555","22,869","1,603",989,"2,529,430"
1403,Sierra,December,2020,7.0%,161,244,19,11,"26,179"
1404,Siskiyou,December,2020,10.7%,"4,113","7,234",403,285,"837,687"
1405,Solano,December,2020,8.8%,"24,227","42,333","2,518","1,690","4,837,934"
1406,Sonoma,December,2020,6.5%,"18,589","30,337","1,135",989,"3,513,408"
1407,Stanislaus,December,2020,9.9%,"35,098","68,315","4,291","2,846","8,059,698"
1408,Sutter,December,2020,10.9%,"5,390","11,226",607,449,"1,360,661"
1409,Tehama,December,2020,8.7%,"4,964","9,196",504,304,"1,012,454"
1410,Trinity,December,2020,8.4%,0,0,,,"232,941"
1411,Tulare,December,2020,11.8%,"44,400","100,736","2,461","1,405","12,258,846"
1412,Tuolumne,December,2020,9.5%,"3,049","4,662",338,202,"531,751"
1413,Ventura,December,2020,7.5%,"34,400","63,706","3,346","2,460","7,818,782"
1414,Yolo,December,2020,7.0%,"12,170","19,850","1,214",943,"2,534,266"
1415,Yuba,December,2020,10.4%,"6,744","13,425",553,449,"1,556,737"
1416,Statewide,January,2021,9.2%,"2,384,171","4,455,651","211,179","162,944","525,016,256"
1417,Alameda,January,2021,7.2%,"79,808","133,661",,,"15,425,325"
1418,Alpine,January,2021,6.9%,62,101,9,6,"12,117"
1419,Amador,January,2021,8.3%,"1,477","2,516",212,132,"294,412"
1420,Butte,January,2021,8.1%,"16,623","27,476","1,670","1,247","3,278,018"
1421,Calaveras,January,2021,7.0%,"2,831","4,893",193,117,"587,358"
1422,Colusa,January,2021,16.0%,965,"1,917",87,57,"217,723"
1423,Contra Costa,January,2021,7.5%,"42,830","77,919","3,547","2,913","9,141,815"
1424,Del Norte,January,2021,9.0%,"3,073","5,436",193,121,"622,188"
1425,El Dorado,January,2021,6.9%,"6,911","10,979",704,385,"1,328,743"
1426,Fresno,January,2021,10.1%,"93,994","261,047","7,456","6,370","22,988,918"
1427,Glenn,January,2021,8.0%,"1,572","3,120",145,89,"359,646"
1428,Humboldt,January,2021,7.4%,"13,406","21,031","1,291",662,"2,596,611"
1429,Imperial,January,2021,16.5%,"17,458","37,712","1,180",724,"4,358,927"
1430,Inyo,January,2021,6.9%,"1,022","1,865",75,19,"225,067"
1431,Kern,January,2021,10.8%,"71,792","154,242","9,358","6,921","18,890,132"
1432,Kings,January,2021,10.9%,"11,211","23,646","1,040",576,"2,777,142"
1433,Lake,January,2021,8.9%,"7,369","12,278",537,362,"1,417,747"
1434,Lassen,January,2021,7.0%,"1,726","3,094",,,"375,281"
1435,Los Angeles,January,2021,12.7%,"774,734","1,317,851","65,183","52,422","166,923,934"
1436,Madera,January,2021,9.8%,"12,034","27,203",872,463,"3,293,297"
1437,Marin,January,2021,5.4%,"8,423","12,923",595,398,"1,685,573"
1438,Mariposa,January,2021,12.0%,"1,471","2,446",105,54,"291,898"
1439,Mendocino,January,2021,7.7%,"6,858","11,716",575,426,"1,427,526"
1440,Merced,January,2021,11.6%,"24,092","51,250","1,953","1,106","6,268,859"
1441,Modoc,January,2021,9.4%,726,"1,311",47,23,"146,825"
1442,Mono,January,2021,9.0%,532,860,93,71,"106,177"
1443,Monterey,January,2021,11.5%,"19,928","41,223","2,622","1,493","5,283,720"
1444,Napa,January,2021,8.8%,"4,158","7,288",504,333,"824,033"
1445,Nevada,January,2021,6.7%,"4,945","7,737",439,328,"955,347"
1446,Orange,January,2021,7.3%,"128,369","234,234","12,365","9,146","27,263,450"
1447,Placer,January,2021,6.0%,"9,175","15,115",811,712,"1,735,400"
1448,Plumas,January,2021,12.0%,"1,325","2,222",96,59,"266,370"
1449,Riverside,January,2021,8.6%,"119,905","237,919","15,092","12,960","28,889,230"
1450,Sacramento,January,2021,8.1%,"110,905","213,999","10,811","8,214","25,521,730"
1451,San Benito,January,2021,8.9%,"2,644","5,247",239,143,"639,786"
1452,San Bernardino,January,2021,8.6%,"144,573","297,640","15,769","11,813","37,052,711"
1453,San Diego,January,2021,8.0%,"191,965","340,596","17,539","14,216","38,052,951"
1454,San Francisco,January,2021,6.2%,"59,597","83,673","4,091","3,269","9,307,208"
1455,San Joaquin,January,2021,10.0%,"47,575","95,361","4,420","3,473","11,266,966"
1456,San Luis Obispo,January,2021,6.8%,"10,491","17,176","1,041",779,"1,941,011"
1457,San Mateo,January,2021,5.7%,"16,166","28,097","2,019","1,558","3,257,883"
1458,Santa Barbara,January,2021,7.8%,"23,994","43,025","2,398","1,718","5,271,965"
1459,Santa Clara,January,2021,5.7%,"60,248","100,806","4,709","3,907","11,757,972"
1460,Santa Cruz,January,2021,8.7%,"16,204","26,348","1,089",757,"3,281,996"
1461,Shasta,January,2021,7.9%,"13,693","23,103","1,418",849,"2,525,898"
1462,Sierra,January,2021,7.6%,172,261,17,10,"27,516"
1463,Siskiyou,January,2021,9.9%,"4,146","7,305",342,242,"852,237"
1464,Solano,January,2021,8.6%,"24,745","42,955","2,096","1,334","4,870,878"
1465,Sonoma,January,2021,7.1%,"18,506","30,183","1,513","1,362","3,536,629"
1466,Stanislaus,January,2021,9.4%,"35,690","69,144","3,592","2,296","8,170,224"
1467,Sutter,January,2021,10.4%,"5,532","11,450",508,356,"1,383,215"
1468,Tehama,January,2021,8.1%,"5,012","9,257",473,290,"1,008,878"
1469,Trinity,January,2021,7.8%,"1,160","1,896",95,42,"242,084"
1470,Tulare,January,2021,11.5%,"43,593","98,649","2,990","1,898","12,394,912"
1471,Tuolumne,January,2021,9.2%,"3,130","4,829",327,215,"536,590"
1472,Ventura,January,2021,7.4%,"34,498","116,798","2,851","2,099","7,736,951"
1473,Yolo,January,2021,7.0%,"12,244","19,907","1,083",808,"2,519,320"
1474,Yuba,January,2021,10.1%,"6,883","13,715",700,601,"1,599,938"
1475,Statewide,February,2021,8.4%,"2,396,924","4,358,167","178,239","129,724","749,752,374"
1476,Alameda,February,2021,6.8%,"82,449","137,321",,,"22,031,493"
1477,Alpine,February,2021,7.3%,66,113,7,0,"17,359"
1478,Amador,February,2021,7.9%,0,0,,,"428,988"
1479,Butte,February,2021,7.7%,"16,762","27,675","1,600","1,194","4,736,658"
1480,Calaveras,February,2021,6.6%,"2,825","4,881",207,114,"841,338"
1481,Colusa,February,2021,15.9%,995,"1,966",74,46,"329,618"
1482,Contra Costa,February,2021,7.1%,"44,389","80,233","2,889","2,291","13,095,225"
1483,Del Norte,February,2021,8.6%,"3,059","5,449",158,103,"890,461"
1484,El Dorado,February,2021,6.6%,"6,908","10,996",574,292,"1,890,640"
1485,Fresno,February,2021,9.9%,"96,657","205,229","6,883","5,786","33,208,846"
1486,Glenn,February,2021,7.6%,"1,565","3,084",143,80,"507,206"
1487,Humboldt,February,2021,7.0%,0,0,"1,186",580,"3,696,053"
1488,Imperial,February,2021,15.9%,"17,475","37,741","1,180",755,"6,244,594"
1489,Inyo,February,2021,6.6%,"1,038","1,906",92,23,"328,999"
1490,Kern,February,2021,10.8%,"71,583","153,633","7,054","4,660","27,141,755"
1491,Kings,February,2021,10.7%,"11,310","23,842",948,502,"4,027,225"
1492,Lake,February,2021,8.3%,"7,515","12,569",,,"2,065,780"
1493,Lassen,February,2021,6.9%,"1,741","3,133",120,64,"537,279"
1494,Los Angeles,February,2021,10.9%,"786,158","1,335,472","54,983","40,706","236,532,554"
1495,Madera,February,2021,9.5%,"12,194","27,586",872,414,"4,762,171"
1496,Marin,February,2021,5.0%,"8,469","12,982",498,301,"2,348,370"
1497,Mariposa,February,2021,10.1%,"1,488","2,488",84,36,"428,486"
1498,Mendocino,February,2021,7.3%,"6,952","11,958",500,369,"2,078,618"
1499,Merced,February,2021,11.5%,"24,211","51,601","1,700",936,"8,925,997"
1500,Modoc,February,2021,9.3%,738,"1,330",50,17,"213,341"
1501,Mono,February,2021,7.9%,536,860,46,33,"148,329"
1502,Monterey,February,2021,10.9%,"20,480","42,623","2,078","1,166","7,662,570"
1503,Napa,February,2021,7.1%,"4,204","7,384",394,215,"1,202,016"
1504,Nevada,February,2021,6.3%,0,0,,,"1,372,163"
1505,Orange,February,2021,6.8%,"132,584","240,292","10,605","7,442","38,945,856"
1506,Placer,February,2021,5.7%,"9,794","15,260",687,581,"2,497,454"
1507,Plumas,February,2021,12.2%,"1,346","2,277",126,64,"388,378"
1508,Riverside,February,2021,8.0%,"120,176","237,868","13,259","10,999","41,012,977"
1509,Sacramento,February,2021,7.7%,"113,599","217,792","8,766","6,234","36,083,330"
1510,San Benito,February,2021,8.5%,"2,678","5,313",183,104,"915,313"
1511,San Bernardino,February,2021,8.1%,"144,717","297,741","14,305","9,840","51,827,189"
1512,San Diego,February,2021,7.2%,"197,217","348,109","15,550","12,357","55,530,817"
1513,San Francisco,February,2021,5.7%,"61,938","87,058","3,584","2,665","13,838,903"
1514,San Joaquin,February,2021,9.5%,"48,055","96,170","3,884","2,737","16,367,760"
1515,San Luis Obispo,February,2021,6.3%,"10,842","17,649",847,575,"2,809,112"
1516,San Mateo,February,2021,5.3%,"16,848","29,154","1,601","1,153","4,691,348"
1517,Santa Barbara,February,2021,7.1%,"24,936","44,543","2,051","1,435","7,646,633"
1518,Santa Clara,February,2021,5.3%,"61,832","102,818","4,128","3,274","16,900,488"
1519,Santa Cruz,February,2021,8.4%,"16,805","27,283",898,565,"4,650,218"
1520,Shasta,February,2021,7.8%,"13,802","23,248","1,295",769,"3,683,407"
1521,Sierra,February,2021,7.5%,171,259,7,0,"42,673"
1522,Siskiyou,February,2021,9.7%,"4,214","7,498",312,212,"1,244,912"
1523,Solano,February,2021,8.1%,"25,452","43,972","1,841","1,089","7,036,206"
1524,Sonoma,February,2021,6.4%,"18,837","30,652","1,588","1,406","5,021,646"
1525,Stanislaus,February,2021,9.0%,"35,917","69,479","3,317","1,987","11,678,840"
1526,Sutter,February,2021,10.3%,"5,593","11,563",418,307,"1,973,130"
1527,Tehama,February,2021,8.0%,"5,103","9,283",473,271,"1,466,702"
1528,Trinity,February,2021,7.6%,"1,164","1,898",83,44,"341,908"
1529,Tulare,February,2021,11.4%,"45,068","101,481",,,"17,778,143"
1530,Tuolumne,February,2021,8.7%,"3,170","4,907",238,127,"786,603"
1531,Ventura,February,2021,6.8%,"36,565","67,207","2,499","1,720","11,082,712"
1532,Yolo,February,2021,6.8%,0,0,"1,108",877,"3,572,432"
1533,Yuba,February,2021,9.9%,"6,734","13,338",266,207,"2,243,153"
